,sim,label,pair_id
0,0.8429664969444275,1.0,76
1,0.06806760281324387,0.0,854
2,0.6693419218063354,1.0,1212
3,0.4431891441345215,1.0,77
4,0.5928220152854919,1.0,1382
5,0.3495347797870636,1.0,1296
6,0.5497956871986389,1.0,1207
7,0.6878551840782166,1.0,123
8,0.4612158238887787,1.0,101
9,0.9861663579940796,1.0,23
10,0.772214412689209,1.0,983
11,0.6084064245223999,1.0,1288
12,0.533739447593689,1.0,1260
13,0.42234328389167786,1.0,1195
14,0.8208742141723633,1.0,174
15,0.7572600245475769,1.0,122
16,0.9648295640945435,1.0,14
17,0.8649844527244568,1.0,1142
18,0.7985327839851379,1.0,1137
19,0.331271231174469,0.0,662
20,0.14900429546833038,0.0,335
21,0.2991432249546051,0.0,246
22,0.31765949726104736,0.0,171
23,0.5901057124137878,1.0,1399
24,0.7846916317939758,1.0,1309
25,0.529499888420105,1.0,206
26,0.665156364440918,1.0,53
27,0.9011114835739136,1.0,21
28,0.9523748755455017,1.0,1135
29,0.8118259906768799,1.0,1078
30,0.9886648654937744,1.0,1015
31,0.8472321033477783,1.0,1011
32,0.9047907590866089,1.0,968
33,0.22743739187717438,0.0,593
34,0.2548523545265198,0.0,505
35,0.21767348051071167,0.0,467
36,0.36699992418289185,0.0,393
37,0.12017759680747986,0.0,333
38,0.8639650940895081,1.0,1465
39,0.6409446001052856,1.0,1443
40,0.5875133872032166,1.0,1396
41,0.6070773601531982,1.0,1367
42,0.54725182056427,1.0,1346
43,0.5659416317939758,1.0,1310
44,0.684145987033844,1.0,1279
45,0.7519235014915466,1.0,1259
46,0.7780802249908447,1.0,1248
47,0.8673937916755676,1.0,1234
48,0.8806692957878113,1.0,161
49,0.9556967616081238,1.0,146
50,0.6745362281799316,1.0,98
51,0.3925657272338867,1.0,75
52,0.8907346129417419,1.0,62
53,0.9037165641784668,1.0,7
54,0.9630735516548157,1.0,6
55,0.9925424456596375,1.0,1108
56,0.9857543110847473,1.0,1000
57,0.8746689558029175,1.0,965
58,0.6747528910636902,1.0,963
59,0.5897658467292786,0.0,784
60,0.7825807929039001,0.0,780
61,0.6531760692596436,0.0,753
62,0.3532528281211853,0.0,654
63,0.27608203887939453,0.0,571
64,0.0638236552476883,0.0,517
65,0.4342808127403259,0.0,373
66,0.5605487823486328,0.0,341
67,0.2609373927116394,0.0,714
68,0.363556832075119,0.0,525
69,0.7033753991127014,1.0,1482
70,0.41750529408454895,1.0,1481
71,0.7810872197151184,1.0,1425
72,0.6208016872406006,1.0,1415
73,0.6230786442756653,1.0,1414
74,0.7045066952705383,1.0,1411
75,0.8349617719650269,1.0,1365
76,0.3382408320903778,1.0,1314
77,0.807194173336029,1.0,1308
78,0.8038350343704224,1.0,1287
79,0.4022836983203888,1.0,1275
80,0.7343559265136719,1.0,1232
81,0.5745125412940979,1.0,1221
82,0.6545307636260986,1.0,211
83,0.8917039632797241,1.0,197
84,0.7773273587226868,1.0,185
85,0.7998218536376953,1.0,175
86,0.8759493827819824,1.0,119
87,0.7795922160148621,1.0,105
88,0.9940218925476074,1.0,46
89,0.8844577670097351,1.0,30
90,0.8368525505065918,1.0,12
91,0.8566784262657166,1.0,1188
92,0.6965259313583374,1.0,1167
93,0.8890950083732605,1.0,1102
94,0.989048421382904,1.0,1059
95,0.9612734317779541,1.0,1056
96,0.8817827105522156,1.0,1024
97,0.9984099864959717,1.0,986
98,0.7778951525688171,1.0,971
99,0.891779363155365,1.0,948
100,0.37413540482521057,0.0,839
101,0.3085440397262573,0.0,835
102,0.3660581111907959,0.0,820
103,0.47732841968536377,0.0,772
104,0.37884581089019775,0.0,760
105,0.34599968791007996,0.0,745
106,0.3736024796962738,0.0,741
107,0.5273396372795105,0.0,730
108,0.27172696590423584,0.0,717
109,0.4427149295806885,0.0,682
110,0.23235082626342773,0.0,661
111,0.6752212643623352,0.0,623
112,0.6708653569221497,0.0,576
113,0.33551472425460815,0.0,574
114,0.42440176010131836,0.0,490
115,0.2811627686023712,0.0,447
116,0.44890323281288147,0.0,338
117,0.2785482704639435,0.0,271
118,0.42570173740386963,0.0,38
119,0.629332959651947,0.0,1003
120,0.23313236236572266,0.0,270
121,0.4559021294116974,0.0,248
122,0.9453949332237244,1.0,1479
123,0.7999317646026611,1.0,1458
124,0.6678559184074402,1.0,1456
125,0.9385910630226135,1.0,1426
126,0.6041166186332703,1.0,1424
127,0.7203158736228943,1.0,1408
128,0.5656520128250122,1.0,1387
129,0.7608404159545898,1.0,1376
130,0.826727569103241,1.0,1370
131,0.5325401425361633,1.0,1342
132,0.7111393809318542,1.0,1337
133,0.9357361793518066,1.0,1322
134,0.6362402439117432,1.0,1320
135,0.7975443601608276,1.0,1316
136,0.7306947708129883,1.0,1299
137,0.8723850846290588,1.0,1290
138,0.6214593648910522,1.0,1289
139,0.7313413619995117,1.0,1283
140,0.7376378178596497,1.0,1266
141,0.7611245512962341,1.0,1239
142,0.7280859351158142,1.0,205
143,0.3508676588535309,1.0,158
144,0.525646984577179,1.0,118
145,0.793130099773407,1.0,106
146,0.7433298230171204,1.0,92
147,0.7780172228813171,1.0,90
148,0.752575695514679,1.0,72
149,0.8848171234130859,1.0,48
150,0.7849711775779724,1.0,35
151,0.992680013179779,1.0,29
152,0.8482803106307983,1.0,26
153,0.9247024059295654,1.0,17
154,0.9504180550575256,1.0,11
155,0.8768989443778992,1.0,1183
156,0.9616715312004089,1.0,1173
157,0.6751166582107544,1.0,1153
158,0.992779016494751,1.0,1149
159,0.8279476761817932,1.0,1144
160,0.907448410987854,1.0,1130
161,0.8599206209182739,1.0,1120
162,0.892031192779541,1.0,1118
163,0.9927425980567932,1.0,1107
164,0.9997826218605042,1.0,1068
165,0.8627672791481018,1.0,1065
166,0.8182069659233093,1.0,1043
167,0.9324972033500671,1.0,1034
168,0.7611913084983826,1.0,987
169,0.9929637312889099,1.0,973
170,0.9864524006843567,1.0,937
171,0.49532806873321533,0.0,888
172,0.4002653658390045,0.0,850
173,0.5939024090766907,0.0,848
174,0.67967689037323,0.0,837
175,0.5039482712745667,0.0,823
176,0.6268882155418396,0.0,811
177,0.23659706115722656,0.0,804
178,0.5873088240623474,0.0,801
179,0.3864152729511261,0.0,799
180,0.5464208126068115,0.0,789
181,0.44724637269973755,0.0,779
182,0.283504456281662,0.0,735
183,0.3117024898529053,0.0,715
184,0.41528579592704773,0.0,680
185,0.24141858518123627,0.0,657
186,0.3103218972682953,0.0,638
187,0.6233550906181335,0.0,629
188,0.47262439131736755,0.0,627
189,0.5732274055480957,0.0,618
190,0.6078741550445557,0.0,605
191,0.5907170176506042,0.0,561
192,0.24011370539665222,0.0,552
193,0.5219775438308716,0.0,501
194,0.5047956109046936,0.0,500
195,0.5452126860618591,0.0,494
196,0.5931572318077087,0.0,483
197,0.5808840990066528,0.0,469
198,0.4990176558494568,0.0,401
199,0.44757500290870667,0.0,396
200,0.6251724362373352,0.0,358
201,0.4776761531829834,0.0,343
202,0.24575631320476532,0.0,336
203,0.7422415614128113,0.0,310
204,0.23136375844478607,0.0,309
205,0.5547890067100525,0.0,307
206,0.6313995718955994,0.0,282
207,0.5695830583572388,0.0,265
208,0.49693503975868225,0.0,256
209,0.4680210053920746,0.0,240
210,0.31840139627456665,0.0,228
211,0.39575639367103577,0.0,82
212,0.2709892690181732,0.0,27
213,0.5907219052314758,0.0,1169
214,0.5225864052772522,0.0,1125
215,0.19748158752918243,0.0,1025
216,0.4964674413204193,0.0,792
217,0.1152658686041832,0.0,603
218,0.2964532971382141,0.0,437
219,0.43515264987945557,0.0,403
220,0.4227222800254822,0.0,969
221,0.4052971601486206,0.0,747
222,0.9156395196914673,1.0,1488
223,0.9706379771232605,1.0,1464
224,0.6124979257583618,1.0,1462
225,0.8395513296127319,1.0,1455
226,0.8016905784606934,1.0,1451
227,0.9425655603408813,1.0,1440
228,0.8681503534317017,1.0,1436
229,0.986365020275116,1.0,1433
230,0.8757970333099365,1.0,1419
231,0.7104260921478271,1.0,1409
232,0.7754115462303162,1.0,1403
233,0.9466816186904907,1.0,1401
234,0.9024713039398193,1.0,1398
235,0.5666221380233765,1.0,1393
236,0.7724524736404419,1.0,1386
237,0.7335793375968933,1.0,1384
238,0.7378199696540833,1.0,1368
239,0.9219172596931458,1.0,1366
240,0.5416213870048523,1.0,1362
241,0.8600655198097229,1.0,1338
242,0.4533658027648926,1.0,1326
243,0.5902653932571411,1.0,1325
244,0.6595358848571777,1.0,1312
245,0.4778274595737457,1.0,1307
246,0.7822814583778381,1.0,1306
247,0.8545558452606201,1.0,1295
248,0.8789508938789368,1.0,1292
249,0.7557424306869507,1.0,1282
250,0.9667114615440369,1.0,1281
251,0.8926584124565125,1.0,1274
252,0.8880683779716492,1.0,1258
253,0.5296770334243774,1.0,1251
254,0.1971016377210617,1.0,1250
255,0.6842739582061768,1.0,1246
256,0.651111900806427,1.0,1240
257,0.5458486676216125,1.0,1206
258,0.8678025007247925,1.0,1204
259,0.48210468888282776,1.0,1199
260,0.9805578589439392,1.0,201
261,0.569366991519928,1.0,200
262,0.9482538104057312,1.0,198
263,0.8793030977249146,1.0,176
264,0.6723667979240417,1.0,173
265,0.6279570460319519,1.0,172
266,0.7849926948547363,1.0,163
267,0.7579739093780518,1.0,162
268,0.5916594862937927,1.0,152
269,0.6685267090797424,1.0,150
270,0.46843647956848145,1.0,141
271,0.5810533165931702,1.0,108
272,0.5787757635116577,1.0,102
273,0.8895053267478943,1.0,96
274,0.7110913991928101,1.0,95
275,0.7252687811851501,1.0,94
276,0.569382905960083,1.0,89
277,0.8482555747032166,1.0,86
278,0.588651716709137,1.0,52
279,0.6073845028877258,1.0,51
280,0.7899115085601807,1.0,43
281,0.8044641613960266,1.0,34
282,0.8015840649604797,1.0,32
283,0.9930053353309631,1.0,15
284,0.9043261408805847,1.0,1190
285,0.8192541599273682,1.0,1170
286,0.9055202603340149,1.0,1166
287,0.9946644902229309,1.0,1164
288,0.9249577522277832,1.0,1150
289,0.907671332359314,1.0,1139
290,0.9061418771743774,1.0,1138
291,0.9327400922775269,1.0,1117
292,0.7813999652862549,1.0,1111
293,0.9970155358314514,1.0,1109
294,0.8782089948654175,1.0,1101
295,0.8959811329841614,1.0,1037
296,0.8565416932106018,1.0,1020
297,0.9932922720909119,1.0,1006
298,0.9927570819854736,1.0,1002
299,0.9927021265029907,1.0,998
300,0.8236734867095947,1.0,979
301,0.8108136653900146,1.0,964
302,0.7547957301139832,1.0,952
303,0.8226211667060852,1.0,943
304,0.8082271218299866,1.0,935
305,0.8708632588386536,1.0,926
306,0.9969667196273804,1.0,912
307,0.9926899075508118,1.0,909
308,0.46614518761634827,0.0,889
309,0.4492189586162567,0.0,882
310,0.6188789010047913,0.0,873
311,0.3700641989707947,0.0,866
312,0.39287716150283813,0.0,863
313,0.5542228817939758,0.0,832
314,0.42496734857559204,0.0,819
315,0.34227675199508667,0.0,791
316,0.6553241610527039,0.0,782
317,0.6837843656539917,0.0,765
318,0.6058043241500854,0.0,755
319,0.2832520306110382,0.0,740
320,0.7683918476104736,0.0,722
321,0.4104912579059601,0.0,697
322,0.3888375461101532,0.0,653
323,0.16974443197250366,0.0,645
324,0.3334580659866333,0.0,640
325,0.2636888325214386,0.0,617
326,0.37284162640571594,0.0,586
327,0.6154279112815857,0.0,584
328,0.7865592241287231,0.0,582
329,0.42494598031044006,0.0,580
330,0.5522686839103699,0.0,569
331,0.21283920109272003,0.0,568
332,0.5438694357872009,0.0,565
333,0.5499563217163086,0.0,538
334,0.5133609771728516,0.0,530
335,0.5530295968055725,0.0,524
336,0.38889947533607483,0.0,480
337,0.5737982988357544,0.0,475
338,0.5225074887275696,0.0,455
339,0.24662722647190094,0.0,446
340,0.5254961252212524,0.0,420
341,0.2861068844795227,0.0,419
342,0.7098801732063293,0.0,412
343,0.4068203568458557,0.0,394
344,0.4925781786441803,0.0,384
345,0.40270617604255676,0.0,354
346,0.6422145366668701,0.0,320
347,0.6150280833244324,0.0,302
348,0.24040064215660095,0.0,275
349,0.12535229325294495,0.0,269
350,0.45112693309783936,0.0,218
351,0.28926995396614075,0.0,217
352,0.6387375593185425,0.0,193
353,0.4962005615234375,0.0,182
354,0.42966029047966003,0.0,116
355,0.18151913583278656,0.0,104
356,0.27401968836784363,0.0,992
357,0.4758208096027374,0.0,903
358,0.5295612812042236,0.0,881
359,0.5581181049346924,0.0,803
360,0.6375211477279663,0.0,537
361,0.6330803632736206,0.0,415
362,0.4990219175815582,0.0,215
363,0.6385568380355835,0.0,115
364,0.9321542978286743,1.0,1487
365,0.8237038850784302,1.0,1485
366,0.9064564108848572,1.0,1478
367,0.7977335453033447,1.0,1469
368,0.9035483002662659,1.0,1454
369,0.8767282366752625,1.0,1452
370,0.644176721572876,1.0,1450
371,0.913823664188385,1.0,1448
372,0.9867939949035645,1.0,1446
373,0.9864733219146729,1.0,1445
374,0.8345652222633362,1.0,1442
375,0.8358572721481323,1.0,1441
376,0.7024047374725342,1.0,1439
377,0.8827286958694458,1.0,1421
378,0.8345164656639099,1.0,1395
379,0.7792689800262451,1.0,1388
380,0.9511253237724304,1.0,1385
381,0.8837591409683228,1.0,1383
382,0.6918910145759583,1.0,1377
383,0.9265828728675842,1.0,1373
384,0.9504194855690002,1.0,1360
385,0.7038276791572571,1.0,1357
386,0.8109744787216187,1.0,1353
387,0.907867431640625,1.0,1349
388,0.39331796765327454,1.0,1339
389,0.9580740332603455,1.0,1334
390,0.7916752696037292,1.0,1331
391,0.8745825290679932,1.0,1327
392,0.5926257967948914,1.0,1318
393,0.6517442464828491,1.0,1315
394,0.6218634247779846,1.0,1304
395,0.6757063269615173,1.0,1294
396,0.3924594521522522,1.0,1293
397,0.8786584138870239,1.0,1285
398,0.9502516984939575,1.0,1270
399,0.794472336769104,1.0,1264
400,0.6206735968589783,1.0,1255
401,0.5829241871833801,1.0,1249
402,0.8682987689971924,1.0,1238
403,0.9119051694869995,1.0,1235
404,0.8394507169723511,1.0,1233
405,0.892189085483551,1.0,1229
406,0.5446531772613525,1.0,1224
407,0.9642266631126404,1.0,1223
408,0.9848509430885315,1.0,1222
409,0.8970447182655334,1.0,1208
410,0.19073782861232758,1.0,1205
411,0.23803476989269257,1.0,1203
412,0.8571742177009583,1.0,1200
413,0.389096736907959,1.0,1198
414,0.7644854784011841,1.0,1193
415,0.6221276521682739,1.0,191
416,0.6723473072052002,1.0,186
417,0.8340308666229248,1.0,180
418,0.5816559195518494,1.0,169
419,0.952636182308197,1.0,167
420,0.9737222790718079,1.0,164
421,0.689250648021698,1.0,153
422,0.27320265769958496,1.0,144
423,0.9163326025009155,1.0,142
424,0.9738167524337769,1.0,135
425,0.6488896608352661,1.0,132
426,0.7804558873176575,1.0,124
427,0.553609311580658,1.0,120
428,0.8597173094749451,1.0,114
429,0.6160345077514648,1.0,113
430,0.9291748404502869,1.0,100
431,0.9983217716217041,1.0,69
432,0.813776969909668,1.0,68
433,0.7870543003082275,1.0,67
434,0.5224586725234985,1.0,65
435,0.8439780473709106,1.0,64
436,0.46493610739707947,1.0,58
437,0.8016129732131958,1.0,57
438,0.9993343353271484,1.0,42
439,0.9926994442939758,1.0,39
440,0.9917010068893433,1.0,33
441,0.9927164316177368,1.0,31
442,0.9926985502243042,1.0,24
443,0.999054491519928,1.0,1174
444,0.9926987290382385,1.0,1165
445,0.9935364723205566,1.0,1146
446,0.8063084483146667,1.0,1113
447,0.9926913976669312,1.0,1089
448,0.8911426067352295,1.0,1088
449,0.991977870464325,1.0,1072
450,0.9566454291343689,1.0,1070
451,0.9926891922950745,1.0,1053
452,0.7724295258522034,1.0,1049
453,0.9843341708183289,1.0,1042
454,0.8409844636917114,1.0,1030
455,0.8773790001869202,1.0,1017
456,0.9928107261657715,1.0,1001
457,0.9983652234077454,1.0,996
458,0.7652214765548706,1.0,991
459,0.7029398083686829,1.0,982
460,0.9999840259552002,1.0,978
461,0.7358080744743347,1.0,967
462,0.8734413981437683,1.0,960
463,0.6768078207969666,1.0,953
464,0.841767430305481,1.0,951
465,0.7980351448059082,1.0,950
466,0.9927043318748474,1.0,945
467,0.8876198530197144,1.0,941
468,0.9914363622665405,1.0,923
469,0.9050114154815674,1.0,920
470,0.5679481625556946,0.0,907
471,0.6021502017974854,0.0,904
472,0.46954110264778137,0.0,901
473,0.3609039783477783,0.0,900
474,0.5146004557609558,0.0,898
475,0.5669258832931519,0.0,868
476,0.29638153314590454,0.0,867
477,0.5866268277168274,0.0,864
478,0.3275870978832245,0.0,861
479,0.5402721166610718,0.0,851
480,0.7814491391181946,0.0,840
481,0.6164297461509705,0.0,812
482,0.5602350234985352,0.0,809
483,0.5075427889823914,0.0,805
484,0.32871013879776,0.0,802
485,0.5634363293647766,0.0,788
486,0.6350072622299194,0.0,786
487,0.636796236038208,0.0,761
488,0.29294317960739136,0.0,758
489,0.3040686249732971,0.0,757
490,0.3928568363189697,0.0,737
491,0.7046907544136047,0.0,729
492,0.3889945447444916,0.0,716
493,0.6718783378601074,0.0,705
494,0.4508911371231079,0.0,691
495,0.22665633261203766,0.0,685
496,0.39274296164512634,0.0,666
497,0.5794887542724609,0.0,665
498,0.5781899690628052,0.0,655
499,0.557559072971344,0.0,650
500,0.2353237271308899,0.0,634
501,0.5785122513771057,0.0,621
502,0.47952407598495483,0.0,620
503,0.6927893161773682,0.0,615
504,0.14742210507392883,0.0,611
505,0.7568216323852539,0.0,598
506,0.37556666135787964,0.0,597
507,0.2551124691963196,0.0,575
508,0.5031285881996155,0.0,572
509,0.27766892313957214,0.0,563
510,0.38987642526626587,0.0,562
511,0.6951444745063782,0.0,557
512,0.6596217751502991,0.0,542
513,0.6311260461807251,0.0,534
514,0.6837826371192932,0.0,531
515,0.6163384318351746,0.0,528
516,0.29104524850845337,0.0,527
517,0.48916736245155334,0.0,522
518,0.5543504953384399,0.0,520
519,0.5950283408164978,0.0,515
520,0.5727599263191223,0.0,506
521,0.3546559810638428,0.0,493
522,0.4718971848487854,0.0,478
523,0.6291428208351135,0.0,477
524,0.5014816522598267,0.0,472
525,0.1625935435295105,0.0,464
526,0.3134770095348358,0.0,462
527,0.5047158002853394,0.0,436
528,0.4789378046989441,0.0,427
529,0.26068001985549927,0.0,405
530,0.1445218026638031,0.0,404
531,0.6534956097602844,0.0,369
532,0.6666479706764221,0.0,365
533,0.6869645714759827,0.0,362
534,0.3812599778175354,0.0,361
535,0.6744571328163147,0.0,353
536,0.7719312310218811,0.0,351
537,0.5686820149421692,0.0,344
538,0.19486333429813385,0.0,334
539,0.5982369780540466,0.0,325
540,0.6071867942810059,0.0,323
541,0.33588725328445435,0.0,322
542,0.508556067943573,0.0,311
543,0.3562471270561218,0.0,279
544,0.274867981672287,0.0,257
545,0.5805696249008179,0.0,242
546,0.4881317615509033,0.0,232
547,0.5852429866790771,0.0,229
548,0.46324360370635986,0.0,214
549,0.8222399353981018,0.0,5
550,0.17051057517528534,0.0,1158
551,0.19131113588809967,0.0,1147
552,0.31416940689086914,0.0,936
553,0.3956148028373718,0.0,892
554,0.20777076482772827,0.0,781
555,0.6484411358833313,0.0,736
556,0.2454512119293213,0.0,703
557,0.5990057587623596,0.0,692
558,0.5387347340583801,0.0,681
559,0.4946441054344177,0.0,559
560,0.5556930303573608,0.0,492
561,0.6977754235267639,0.0,304
562,0.405642032623291,0.0,858
563,0.10284372419118881,0.0,414
564,0.759833037853241,1.0,1471
565,0.6130885481834412,1.0,1461
566,0.972240149974823,1.0,1460
567,0.969576358795166,1.0,1459
568,0.930049479007721,1.0,1444
569,0.9923837184906006,1.0,1430
570,0.7346618175506592,1.0,1429
571,0.45339757204055786,1.0,1418
572,0.7758129239082336,1.0,1405
573,0.5129910707473755,1.0,1397
574,0.8918555974960327,1.0,1391
575,0.5499820113182068,1.0,1390
576,0.30989861488342285,1.0,1375
577,0.8197371959686279,1.0,1372
578,0.990171492099762,1.0,1364
579,0.8023539185523987,1.0,1363
580,0.9801772236824036,1.0,1358
581,0.5642411112785339,1.0,1352
582,0.3398289084434509,1.0,1351
583,0.8664063215255737,1.0,1345
584,0.9296896457672119,1.0,1305
585,0.990053653717041,1.0,1300
586,0.9423955678939819,1.0,1298
587,0.8919776678085327,1.0,1291
588,0.7142624258995056,1.0,1277
589,0.9137668609619141,1.0,1273
590,0.917163074016571,1.0,1272
591,0.972359299659729,1.0,1268
592,0.9232520461082458,1.0,1242
593,0.9817985892295837,1.0,1237
594,0.8822147846221924,1.0,1231
595,0.9338671565055847,1.0,213
596,0.24743902683258057,1.0,196
597,0.7525396347045898,1.0,195
598,0.9578255414962769,1.0,190
599,0.8601992726325989,1.0,189
600,0.6978956460952759,1.0,183
601,0.8191128969192505,1.0,166
602,0.9769983887672424,1.0,136
603,0.5733333826065063,1.0,130
604,0.7571741938591003,1.0,129
605,0.5886690020561218,1.0,125
606,0.5593639016151428,1.0,99
607,0.7743474245071411,1.0,91
608,0.930740475654602,1.0,88
609,0.8979495763778687,1.0,87
610,0.48962336778640747,1.0,79
611,0.9877126216888428,1.0,66
612,0.958443284034729,1.0,61
613,0.9667465686798096,1.0,59
614,0.8888013362884521,1.0,13
615,0.8496915102005005,1.0,1178
616,0.7603344321250916,1.0,1177
617,0.9927816390991211,1.0,1160
618,0.7426022887229919,1.0,1159
619,0.6609804630279541,1.0,1155
620,0.9928420782089233,1.0,1140
621,0.992950439453125,1.0,1134
622,0.791674017906189,1.0,1133
623,0.6905105710029602,1.0,1132
624,0.9927260279655457,1.0,1127
625,0.7120592594146729,1.0,1122
626,0.9017516374588013,1.0,1121
627,0.9024330973625183,1.0,1100
628,0.8672898411750793,1.0,1099
629,0.8737543225288391,1.0,1091
630,0.7346527576446533,1.0,1079
631,0.7207217216491699,1.0,1067
632,0.6026186943054199,1.0,1062
633,0.7520421743392944,1.0,1061
634,0.7197323441505432,1.0,1054
635,0.9999961256980896,1.0,1051
636,0.928783655166626,1.0,1050
637,0.8651849031448364,1.0,1046
638,0.9929801225662231,1.0,1044
639,0.7634797692298889,1.0,1040
640,0.654011070728302,1.0,1038
641,0.6771014928817749,1.0,1033
642,0.856490433216095,1.0,1029
643,0.7804120779037476,1.0,1027
644,0.9929207563400269,1.0,1026
645,0.8349562883377075,1.0,1022
646,0.9982155561447144,1.0,1021
647,0.8654369115829468,1.0,1019
648,0.7823273539543152,1.0,1012
649,0.888475239276886,1.0,994
650,0.7441595196723938,1.0,988
651,0.9928638339042664,1.0,976
652,0.794256865978241,1.0,974
653,0.9926948547363281,1.0,949
654,0.9928939938545227,1.0,922
655,0.7856252789497375,1.0,911
656,0.8253190517425537,1.0,910
657,0.5706346035003662,0.0,890
658,0.4250622093677521,0.0,887
659,0.6561957597732544,0.0,884
660,0.5883082747459412,0.0,880
661,0.5447478890419006,0.0,860
662,0.6083264946937561,0.0,855
663,0.7537277936935425,0.0,842
664,0.37130439281463623,0.0,829
665,0.16937029361724854,0.0,822
666,0.3012380003929138,0.0,821
667,0.6919144988059998,0.0,807
668,0.5598081350326538,0.0,806
669,0.6069707274436951,0.0,796
670,0.3457551896572113,0.0,790
671,0.2349698543548584,0.0,783
672,0.2851119637489319,0.0,778
673,0.737482488155365,0.0,775
674,0.2599615156650543,0.0,769
675,0.44152137637138367,0.0,768
676,0.6234769821166992,0.0,763
677,0.7013742327690125,0.0,749
678,0.5818558931350708,0.0,746
679,0.723222017288208,0.0,733
680,0.6000849604606628,0.0,711
681,0.5738893747329712,0.0,710
682,0.4452391564846039,0.0,709
683,0.574716329574585,0.0,704
684,0.3485777974128723,0.0,696
685,0.4565757215023041,0.0,695
686,0.6673793792724609,0.0,688
687,0.5125694274902344,0.0,686
688,0.7838810086250305,0.0,677
689,0.2324485033750534,0.0,664
690,0.7025267481803894,0.0,644
691,0.651223361492157,0.0,641
692,0.37662824988365173,0.0,635
693,0.4969196021556854,0.0,622
694,0.34170302748680115,0.0,619
695,0.17478047311306,0.0,610
696,0.5816211104393005,0.0,609
697,0.7256869673728943,0.0,596
698,0.6459838151931763,0.0,590
699,0.3373572528362274,0.0,585
700,0.6414622068405151,0.0,577
701,0.802416980266571,0.0,553
702,0.7351071238517761,0.0,550
703,0.7587795257568359,0.0,549
704,0.25816506147384644,0.0,541
705,0.42865702509880066,0.0,536
706,0.6077829599380493,0.0,533
707,0.12089180946350098,0.0,523
708,0.6936745047569275,0.0,510
709,0.33856621384620667,0.0,487
710,0.24179379642009735,0.0,482
711,0.32985031604766846,0.0,479
712,0.6506515145301819,0.0,465
713,0.2705608904361725,0.0,454
714,0.8291379809379578,0.0,449
715,0.8280268311500549,0.0,443
716,0.5940185785293579,0.0,441
717,0.6894632577896118,0.0,439
718,0.48559999465942383,0.0,438
719,0.3376874327659607,0.0,425
720,0.5049571394920349,0.0,411
721,0.12757474184036255,0.0,410
722,0.6148384809494019,0.0,407
723,0.30816543102264404,0.0,406
724,0.7363811731338501,0.0,382
725,0.7168154120445251,0.0,371
726,0.3370153605937958,0.0,367
727,0.6830782890319824,0.0,356
728,0.15148235857486725,0.0,340
729,0.243286594748497,0.0,339
730,0.5951082706451416,0.0,332
731,0.5485798120498657,0.0,331
732,0.7891112565994263,0.0,329
733,0.30248722434043884,0.0,328
734,0.6579735279083252,0.0,318
735,0.6124129295349121,0.0,305
736,0.5183503031730652,0.0,299
737,0.8125176429748535,0.0,296
738,0.47578150033950806,0.0,289
739,0.7275307774543762,0.0,283
740,0.5438887476921082,0.0,280
741,0.8029517531394958,0.0,263
742,0.824826180934906,0.0,258
743,0.5326279997825623,0.0,251
744,0.25102001428604126,0.0,216
745,0.7026237845420837,0.0,127
746,0.5001466274261475,0.0,49
747,0.3132857084274292,0.0,1180
748,0.3124898374080658,0.0,1114
749,0.5456082820892334,0.0,1103
750,0.756417989730835,0.0,1081
751,0.7821786999702454,0.0,1058
752,0.834558367729187,0.0,1036
753,0.19459915161132812,0.0,981
754,0.6065125465393066,0.0,947
755,0.4239388406276703,0.0,925
756,0.43014925718307495,0.0,914
757,0.7583990693092346,0.0,847
758,0.5637581944465637,0.0,825
759,0.44358307123184204,0.0,759
760,0.5986549258232117,0.0,670
761,0.8070797324180603,0.0,648
762,0.4346959590911865,0.0,614
763,0.48283398151397705,0.0,581
764,0.2719457149505615,0.0,392
765,0.5099176168441772,0.0,381
766,0.5079944729804993,0.0,348
767,0.6000650525093079,0.0,259
768,0.5237627625465393,0.0,237
769,0.6274892687797546,0.0,1080
770,0.17351947724819183,0.0,303
771,0.6296169757843018,0.0,3
772,0.9337174892425537,1.0,1476
773,0.9667418003082275,1.0,1474
774,0.8102220892906189,1.0,1472
775,0.9897515177726746,1.0,1467
776,0.33351969718933105,1.0,1449
777,0.9693989157676697,1.0,1438
778,0.9734598994255066,1.0,1437
779,0.9528471231460571,1.0,1434
780,0.9347230792045593,1.0,1432
781,0.9968084692955017,1.0,1427
782,0.7871342301368713,1.0,1416
783,0.8107418417930603,1.0,1413
784,0.9486680626869202,1.0,1412
785,0.987952709197998,1.0,1410
786,0.9872787594795227,1.0,1406
787,0.951449990272522,1.0,1404
788,0.9527069926261902,1.0,1402
789,0.9927521347999573,1.0,1389
790,0.8479015231132507,1.0,1381
791,0.9455931186676025,1.0,1374
792,0.9772085547447205,1.0,1361
793,0.9729676246643066,1.0,1356
794,0.9547178149223328,1.0,1350
795,0.7601501941680908,1.0,1347
796,0.6803861260414124,1.0,1344
797,0.916883111000061,1.0,1335
798,0.793824315071106,1.0,1333
799,0.6405095458030701,1.0,1330
800,0.9666594862937927,1.0,1321
801,0.9323212504386902,1.0,1317
802,0.9635980725288391,1.0,1311
803,0.8015068769454956,1.0,1297
804,0.5689032077789307,1.0,1286
805,0.9147887229919434,1.0,1278
806,0.9987409710884094,1.0,1271
807,0.9683771729469299,1.0,1267
808,0.6720726490020752,1.0,1263
809,0.9635268449783325,1.0,1257
810,0.8908156156539917,1.0,1236
811,0.9060660600662231,1.0,1226
812,0.45160749554634094,1.0,1225
813,0.7138650417327881,1.0,1220
814,0.6262102127075195,1.0,1218
815,0.7142159342765808,1.0,1214
816,0.876053512096405,1.0,1210
817,0.9745696783065796,1.0,1202
818,0.8806174397468567,1.0,1196
819,0.9926807284355164,1.0,210
820,0.5317237973213196,1.0,208
821,0.9805383682250977,1.0,194
822,0.7832509875297546,1.0,184
823,0.8037012815475464,1.0,181
824,0.9927355051040649,1.0,179
825,0.9832590222358704,1.0,165
826,0.8896523118019104,1.0,159
827,0.9345412254333496,1.0,148
828,0.9596483707427979,1.0,143
829,0.98124098777771,1.0,131
830,0.7541571259498596,1.0,121
831,0.5507122874259949,1.0,111
832,0.687410831451416,1.0,110
833,0.790463387966156,1.0,103
834,0.46138647198677063,1.0,97
835,0.8697131276130676,1.0,85
836,0.5235085487365723,1.0,78
837,0.91800856590271,1.0,55
838,0.9934752583503723,1.0,41
839,0.5693202614784241,1.0,28
840,0.992704451084137,1.0,25
841,0.8785746693611145,1.0,22
842,0.9933988451957703,1.0,19
843,0.6870340704917908,1.0,1189
844,0.9934728145599365,1.0,1185
845,0.7040378451347351,1.0,1181
846,0.9998051524162292,1.0,1176
847,0.8328431844711304,1.0,1171
848,0.9988426566123962,1.0,1161
849,0.9640651941299438,1.0,1157
850,0.969866931438446,1.0,1156
851,0.7923344969749451,1.0,1151
852,0.6720571517944336,1.0,1145
853,0.6855338215827942,1.0,1128
854,0.9927054047584534,1.0,1096
855,0.9064090847969055,1.0,1077
856,0.9935593008995056,1.0,1060
857,0.5955489873886108,1.0,1057
858,0.9934709072113037,1.0,1045
859,0.6981270909309387,1.0,1035
860,0.9927228093147278,1.0,1031
861,0.8402369022369385,1.0,1023
862,0.9989479780197144,1.0,1013
863,0.8433839678764343,1.0,1009
864,0.9992629885673523,1.0,1008
865,0.8790333271026611,1.0,1005
866,0.9935034513473511,1.0,1004
867,0.726878821849823,1.0,990
868,0.7414583563804626,1.0,980
869,0.5657060742378235,1.0,944
870,0.749053955078125,1.0,939
871,0.7379322648048401,1.0,932
872,0.5471478700637817,1.0,927
873,0.5500853061676025,1.0,924
874,0.9487382769584656,1.0,918
875,0.9434587359428406,1.0,917
876,0.999260425567627,1.0,913
877,0.993746280670166,1.0,908
878,0.8837053179740906,0.0,905
879,0.35011839866638184,0.0,896
880,0.35207292437553406,0.0,895
881,0.5699512362480164,0.0,893
882,0.49939581751823425,0.0,891
883,0.515741765499115,0.0,886
884,0.48820069432258606,0.0,885
885,0.4246639013290405,0.0,883
886,0.2618112862110138,0.0,872
887,0.5947556495666504,0.0,871
888,0.44475895166397095,0.0,869
889,0.34116408228874207,0.0,862
890,0.6534412503242493,0.0,853
891,0.6724233627319336,0.0,843
892,0.2149631232023239,0.0,834
893,0.2258758842945099,0.0,828
894,0.4465748965740204,0.0,827
895,0.3707665801048279,0.0,826
896,0.6438719630241394,0.0,816
897,0.5323951840400696,0.0,815
898,0.7172337770462036,0.0,794
899,0.24272958934307098,0.0,787
900,0.48515501618385315,0.0,777
901,0.3634711503982544,0.0,771
902,0.29204148054122925,0.0,762
903,0.27896031737327576,0.0,744
904,0.32297688722610474,0.0,732
905,0.7607793807983398,0.0,723
906,0.779710590839386,0.0,713
907,0.4895259439945221,0.0,712
908,0.7599623799324036,0.0,706
909,0.32419663667678833,0.0,694
910,0.5809266567230225,0.0,693
911,0.49278971552848816,0.0,674
912,0.6505129933357239,0.0,667
913,0.20215730369091034,0.0,660
914,0.7815721035003662,0.0,647
915,0.5881579518318176,0.0,646
916,0.14909496903419495,0.0,626
917,0.259398490190506,0.0,616
918,0.8535675406455994,0.0,606
919,0.6886438131332397,0.0,594
920,0.1695115715265274,0.0,591
921,0.5966057777404785,0.0,566
922,0.20951664447784424,0.0,564
923,0.668472945690155,0.0,545
924,0.7350598573684692,0.0,497
925,0.8648582696914673,0.0,496
926,0.40892261266708374,0.0,491
927,0.725048303604126,0.0,486
928,0.7850081324577332,0.0,484
929,0.5171428322792053,0.0,473
930,0.2714306116104126,0.0,468
931,0.20981043577194214,0.0,463
932,0.33662277460098267,0.0,424
933,0.4749569296836853,0.0,423
934,0.6162806153297424,0.0,422
935,0.6183596849441528,0.0,421
936,0.7046287655830383,0.0,408
937,0.33037716150283813,0.0,400
938,0.7011260390281677,0.0,398
939,0.6618766784667969,0.0,387
940,0.7831082344055176,0.0,380
941,0.5795928239822388,0.0,368
942,0.4261009097099304,0.0,360
943,0.689746618270874,0.0,349
944,0.7822765111923218,0.0,345
945,0.18353044986724854,0.0,342
946,0.6095916032791138,0.0,317
947,0.6655445694923401,0.0,313
948,0.3554465174674988,0.0,312
949,0.770810067653656,0.0,300
950,0.5194422602653503,0.0,298
951,0.7418063282966614,0.0,290
952,0.5513615608215332,0.0,286
953,0.38072559237480164,0.0,285
954,0.7264619469642639,0.0,284
955,0.8019358515739441,0.0,276
956,0.6685287952423096,0.0,273
957,0.4409993588924408,0.0,268
958,0.5821388959884644,0.0,252
959,0.7767491340637207,0.0,249
960,0.4022820293903351,0.0,241
961,0.6562749147415161,0.0,223
962,0.7152275443077087,0.0,222
963,0.8048142790794373,0.0,149
964,0.42347031831741333,0.0,93
965,0.20417667925357819,0.0,71
966,0.5190004110336304,0.0,60
967,0.21367348730564117,0.0,1136
968,0.2654789090156555,0.0,836
969,0.6567433476448059,0.0,770
970,0.6324126124382019,0.0,748
971,0.5463616847991943,0.0,725
972,0.5552471876144409,0.0,592
973,0.6052214503288269,0.0,570
974,0.6991335153579712,0.0,514
975,0.8225988149642944,0.0,470
976,0.6661155223846436,0.0,459
977,0.40202754735946655,0.0,337
978,0.6880190372467041,1.0,1483
979,0.2896699011325836,1.0,1480
980,0.9881929755210876,1.0,1475
981,0.9809076189994812,1.0,1473
982,0.9910226464271545,1.0,1470
983,0.9703643321990967,1.0,1463
984,0.9951308965682983,1.0,1453
985,0.9484363198280334,1.0,1447
986,0.7968547940254211,1.0,1435
987,0.4972010552883148,1.0,1428
988,0.9979011416435242,1.0,1422
989,0.9896116852760315,1.0,1420
990,0.9668532609939575,1.0,1417
991,0.7161434888839722,1.0,1394
992,0.9568719267845154,1.0,1380
993,0.9494426846504211,1.0,1378
994,0.9778642058372498,1.0,1371
995,0.9893534183502197,1.0,1359
996,0.6001280546188354,1.0,1355
997,0.9928705096244812,1.0,1343
998,0.6423003673553467,1.0,1328
999,0.8892761468887329,1.0,1323
1000,0.6311370730400085,1.0,1319
1001,0.7147185206413269,1.0,1313
1002,0.2515719532966614,1.0,1303
1003,0.9949957728385925,1.0,1301
1004,0.622394859790802,1.0,1284
1005,0.7258684039115906,1.0,1280
1006,0.9843645691871643,1.0,1269
1007,0.5223401188850403,1.0,1261
1008,0.918828010559082,1.0,1256
1009,0.8621167540550232,1.0,1241
1010,0.9789812564849854,1.0,1228
1011,0.9568904638290405,1.0,1227
1012,0.8530814051628113,1.0,1217
1013,0.5219739079475403,1.0,209
1014,0.9847132563591003,1.0,207
1015,0.9928282499313354,1.0,170
1016,0.49665799736976624,1.0,157
1017,0.5934700965881348,1.0,155
1018,0.5934700965881348,1.0,154
1019,0.5422264337539673,1.0,147
1020,0.9826456904411316,1.0,145
1021,0.9827909469604492,1.0,140
1022,0.8691559433937073,1.0,134
1023,0.7596974968910217,1.0,133
1024,0.9970118403434753,1.0,126
1025,0.9560367465019226,1.0,109
1026,0.9952942728996277,1.0,81
1027,0.9928240180015564,1.0,73
1028,0.7520188093185425,1.0,70
1029,0.6920562982559204,1.0,56
1030,0.6000986695289612,1.0,50
1031,0.9985154271125793,1.0,47
1032,0.7205397486686707,1.0,45
1033,0.9994218945503235,1.0,44
1034,0.9971193075180054,1.0,40
1035,0.9999380707740784,1.0,37
1036,0.6771132946014404,1.0,36
1037,0.9973987936973572,1.0,20
1038,0.6532306671142578,1.0,1187
1039,0.998915433883667,1.0,1175
1040,0.7307745814323425,1.0,1162
1041,0.9993725419044495,1.0,1148
1042,0.9933262467384338,1.0,1141
1043,0.6445486545562744,1.0,1129
1044,0.7803550362586975,1.0,1123
1045,0.9931585788726807,1.0,1116
1046,0.7857639789581299,1.0,1115
1047,0.9400400519371033,1.0,1112
1048,0.9994987845420837,1.0,1106
1049,0.9770359992980957,1.0,1105
1050,0.7763431072235107,1.0,1104
1051,0.9942096471786499,1.0,1095
1052,0.9967929124832153,1.0,1087
1053,0.6460709571838379,1.0,1086
1054,0.9989398717880249,1.0,1085
1055,0.9966385364532471,1.0,1076
1056,0.3927614986896515,1.0,1075
1057,0.9897793531417847,1.0,1074
1058,0.8418183922767639,1.0,1073
1059,0.9984759092330933,1.0,1066
1060,0.9944734573364258,1.0,1063
1061,0.9991872906684875,1.0,1052
1062,0.9992275238037109,1.0,1032
1063,0.6140220165252686,1.0,1018
1064,0.7794579863548279,1.0,1016
1065,0.9932253956794739,1.0,1010
1066,0.8616606593132019,1.0,1007
1067,0.9992370009422302,1.0,999
1068,0.9999721646308899,1.0,995
1069,0.9971880316734314,1.0,985
1070,0.9989951252937317,1.0,984
1071,0.6596893072128296,1.0,975
1072,0.9928447604179382,1.0,962
1073,0.9928470253944397,1.0,959
1074,0.9350085854530334,1.0,957
1075,0.7137569189071655,1.0,954
1076,0.9968106746673584,1.0,946
1077,0.8867482542991638,1.0,938
1078,0.9928784370422363,1.0,930
1079,0.5619065761566162,1.0,929
1080,0.9545590281486511,1.0,928
1081,0.23343734443187714,0.0,902
1082,0.3573719561100006,0.0,897
1083,0.3419836759567261,0.0,894
1084,0.3931882381439209,0.0,879
1085,0.49382954835891724,0.0,877
1086,0.6774923801422119,0.0,874
1087,0.7322381138801575,0.0,833
1088,0.6036772727966309,0.0,830
1089,0.46423444151878357,0.0,824
1090,0.5194661617279053,0.0,818
1091,0.6340394020080566,0.0,817
1092,0.6841676831245422,0.0,798
1093,0.5422044396400452,0.0,797
1094,0.2721569538116455,0.0,785
1095,0.5440115928649902,0.0,774
1096,0.5814828872680664,0.0,767
1097,0.2916848361492157,0.0,764
1098,0.5315523147583008,0.0,756
1099,0.5322748422622681,0.0,743
1100,0.47284331917762756,0.0,742
1101,0.07593857496976852,0.0,738
1102,0.6772562861442566,0.0,724
1103,0.8514907956123352,0.0,718
1104,0.8677566647529602,0.0,707
1105,0.17720076441764832,0.0,698
1106,0.8026584982872009,0.0,689
1107,0.25434377789497375,0.0,679
1108,0.8043815493583679,0.0,675
1109,0.649425208568573,0.0,673
1110,0.805989682674408,0.0,668
1111,0.4579062759876251,0.0,658
1112,0.7273297309875488,0.0,656
1113,0.7714982628822327,0.0,651
1114,0.7283780574798584,0.0,643
1115,0.6449983716011047,0.0,642
1116,0.2780269384384155,0.0,639
1117,0.4019635021686554,0.0,633
1118,0.7294356822967529,0.0,632
1119,0.28091126680374146,0.0,630
1120,0.19234225153923035,0.0,624
1121,0.7542058229446411,0.0,607
1122,0.8345912098884583,0.0,600
1123,0.7135195136070251,0.0,588
1124,0.5307852625846863,0.0,587
1125,0.32816922664642334,0.0,573
1126,0.6726763248443604,0.0,558
1127,0.8529254794120789,0.0,546
1128,0.8371773958206177,0.0,543
1129,0.8354638814926147,0.0,539
1130,0.4123128056526184,0.0,535
1131,0.34980157017707825,0.0,529
1132,0.2696215510368347,0.0,521
1133,0.24973301589488983,0.0,519
1134,0.17835605144500732,0.0,516
1135,0.7815659046173096,0.0,512
1136,0.4361996352672577,0.0,499
1137,0.48338860273361206,0.0,495
1138,0.11129660159349442,0.0,489
1139,0.41007569432258606,0.0,488
1140,0.5198873281478882,0.0,474
1141,0.21952077746391296,0.0,445
1142,0.25427016615867615,0.0,435
1143,0.7146000862121582,0.0,432
1144,0.568371593952179,0.0,431
1145,0.6600183844566345,0.0,429
1146,0.6858518719673157,0.0,428
1147,0.41847342252731323,0.0,417
1148,0.6213077306747437,0.0,416
1149,0.8784399628639221,0.0,390
1150,0.21417976915836334,0.0,364
1151,0.5578001141548157,0.0,363
1152,0.6062094569206238,0.0,357
1153,0.43374937772750854,0.0,355
1154,0.3911311626434326,0.0,350
1155,0.8852773904800415,0.0,314
1156,0.23328007757663727,0.0,308
1157,0.664542555809021,0.0,297
1158,0.8760868310928345,0.0,294
1159,0.5269097685813904,0.0,293
1160,0.6546578407287598,0.0,287
1161,0.4832269847393036,0.0,278
1162,0.6979490518569946,0.0,277
1163,0.41411012411117554,0.0,267
1164,0.5332674980163574,0.0,262
1165,0.8313578963279724,0.0,254
1166,0.5102773904800415,0.0,247
1167,0.29765698313713074,0.0,245
1168,0.8375592827796936,0.0,243
1169,0.5950865149497986,0.0,239
1170,0.7686824798583984,0.0,236
1171,0.6055319309234619,0.0,235
1172,0.798098623752594,0.0,234
1173,0.443024218082428,0.0,225
1174,0.7101625800132751,0.0,219
1175,0.3756133019924164,0.0,16
1176,0.6828429102897644,0.0,659
1177,0.5670244097709656,0.0,625
1178,0.3006203770637512,0.0,503
1179,0.5353952050209045,0.0,448
1180,0.4253196120262146,0.0,370
1181,0.755859911441803,0.0,359
1182,0.27775585651397705,0.0,315
1183,0.4007497727870941,0.0,226
1184,0.4903508722782135,0.0,4
1185,0.2577461004257202,0.0,2
1186,0.7863432765007019,1.0,1484
1187,0.9633241891860962,1.0,1477
1188,0.97611004114151,1.0,1457
1189,0.9819653630256653,1.0,1431
1190,0.9298380613327026,1.0,1423
1191,0.8472999334335327,1.0,1407
1192,0.6979598999023438,1.0,1400
1193,0.7866806983947754,1.0,1392
1194,0.9792841076850891,1.0,1379
1195,0.9895233511924744,1.0,1369
1196,0.43875887989997864,1.0,1354
1197,0.9218737483024597,1.0,1340
1198,0.9795445799827576,1.0,1336
1199,0.971125602722168,1.0,1332
1200,0.9122302532196045,1.0,1302
1201,0.7387372255325317,1.0,1265
1202,0.9398964047431946,1.0,1262
1203,0.9847753643989563,1.0,1247
1204,0.7795435190200806,1.0,1230
1205,0.5371795296669006,1.0,1219
1206,0.9681990146636963,1.0,1216
1207,0.9904143810272217,1.0,1211
1208,0.8716782331466675,1.0,1209
1209,0.5907683372497559,1.0,1201
1210,0.9891258478164673,1.0,1197
1211,0.5225464105606079,1.0,1192
1212,0.8105423450469971,1.0,212
1213,0.9846020936965942,1.0,203
1214,0.8559876680374146,1.0,192
1215,0.9814663529396057,1.0,187
1216,0.5607807636260986,1.0,178
1217,0.5531030297279358,1.0,177
1218,0.6927355527877808,1.0,168
1219,0.6682124733924866,1.0,156
1220,0.9939655065536499,1.0,139
1221,0.9868562817573547,1.0,137
1222,0.9599237442016602,1.0,128
1223,0.9478704929351807,1.0,117
1224,0.6801629066467285,1.0,112
1225,0.9918458461761475,1.0,107
1226,0.9985519647598267,1.0,83
1227,0.6930200457572937,1.0,80
1228,0.9762601852416992,1.0,63
1229,0.6332021951675415,1.0,18
1230,0.9977037906646729,1.0,9
1231,0.9959585070610046,1.0,1182
1232,0.9930312633514404,1.0,1179
1233,0.9991248250007629,1.0,1154
1234,0.9975365996360779,1.0,1143
1235,0.8261128067970276,1.0,1126
1236,0.9991273283958435,1.0,1119
1237,0.7276117205619812,1.0,1098
1238,0.8415687680244446,1.0,1093
1239,0.8421330451965332,1.0,1084
1240,0.7364450693130493,1.0,1083
1241,0.9569742679595947,1.0,1071
1242,0.9791188836097717,1.0,1064
1243,0.7597212195396423,1.0,1041
1244,0.9922393560409546,1.0,1039
1245,0.9926506876945496,1.0,1028
1246,0.9631285071372986,1.0,993
1247,0.9974716305732727,1.0,977
1248,0.9944767951965332,1.0,966
1249,0.9991495013237,1.0,961
1250,0.9952861070632935,1.0,940
1251,0.6720203757286072,1.0,931
1252,0.9994843602180481,1.0,921
1253,0.912503182888031,1.0,919
1254,0.9848734736442566,1.0,916
1255,0.9924195408821106,1.0,915
1256,0.43684208393096924,0.0,878
1257,0.8725806474685669,0.0,856
1258,-0.049177877604961395,0.0,852
1259,0.8948242664337158,0.0,845
1260,0.7691164016723633,0.0,844
1261,0.08921082317829132,0.0,838
1262,0.3468962013721466,0.0,831
1263,0.5182512402534485,0.0,810
1264,0.5589914917945862,0.0,795
1265,0.4526759684085846,0.0,793
1266,0.5891326069831848,0.0,776
1267,0.5683748126029968,0.0,773
1268,0.9120159149169922,0.0,751
1269,0.36603492498397827,0.0,739
1270,0.47012820839881897,0.0,731
1271,0.8499610424041748,0.0,727
1272,0.7329692244529724,0.0,726
1273,0.9249518513679504,0.0,720
1274,0.41645148396492004,0.0,708
1275,0.4666369557380676,0.0,701
1276,0.501733124256134,0.0,690
1277,0.24401046335697174,0.0,687
1278,0.5095024108886719,0.0,684
1279,0.8762292861938477,0.0,683
1280,0.7253044247627258,0.0,672
1281,0.661292314529419,0.0,663
1282,-0.06630358099937439,0.0,652
1283,0.3242550790309906,0.0,649
1284,0.5410412549972534,0.0,631
1285,0.49574944376945496,0.0,628
1286,0.4539913535118103,0.0,613
1287,0.813841700553894,0.0,612
1288,0.5723207592964172,0.0,608
1289,0.13287709653377533,0.0,604
1290,0.8408161401748657,0.0,602
1291,0.4763182997703552,0.0,601
1292,0.5561262965202332,0.0,599
1293,0.47234421968460083,0.0,595
1294,0.3578360378742218,0.0,589
1295,0.2486233413219452,0.0,583
1296,0.29178398847579956,0.0,579
1297,0.6869105696678162,0.0,578
1298,0.8781719207763672,0.0,567
1299,0.3808070421218872,0.0,560
1300,0.40566977858543396,0.0,556
1301,0.4697313904762268,0.0,518
1302,0.45256102085113525,0.0,513
1303,0.600109338760376,0.0,511
1304,0.908495306968689,0.0,508
1305,0.7527924180030823,0.0,507
1306,0.607633650302887,0.0,504
1307,0.7749882340431213,0.0,502
1308,0.7201023101806641,0.0,498
1309,0.48800745606422424,0.0,476
1310,0.4446346163749695,0.0,471
1311,0.24359558522701263,0.0,466
1312,0.8267658352851868,0.0,461
1313,0.843910276889801,0.0,458
1314,0.7256947159767151,0.0,457
1315,0.6868340969085693,0.0,456
1316,0.7015833258628845,0.0,452
1317,0.8147578835487366,0.0,451
1318,0.40701690316200256,0.0,442
1319,0.8463538885116577,0.0,433
1320,0.6339791417121887,0.0,430
1321,0.256981760263443,0.0,413
1322,0.3243069052696228,0.0,409
1323,0.46719902753829956,0.0,399
1324,0.4464758336544037,0.0,395
1325,0.8099749088287354,0.0,389
1326,0.6264523267745972,0.0,388
1327,0.2395954430103302,0.0,383
1328,0.3527282178401947,0.0,378
1329,0.34244173765182495,0.0,372
1330,0.671326220035553,0.0,366
1331,0.4754193425178528,0.0,352
1332,0.37000539898872375,0.0,347
1333,0.7513999938964844,0.0,346
1334,0.3794693052768707,0.0,327
1335,0.40254974365234375,0.0,324
1336,0.3519379794597626,0.0,321
1337,0.40265992283821106,0.0,319
1338,0.25786763429641724,0.0,306
1339,0.22138120234012604,0.0,301
1340,0.46605709195137024,0.0,291
1341,0.32655709981918335,0.0,288
1342,0.45055291056632996,0.0,274
1343,0.41510009765625,0.0,272
1344,0.3718757629394531,0.0,255
1345,0.5268675088882446,0.0,253
1346,0.5351946353912354,0.0,244
1347,0.7238196134567261,0.0,238
1348,0.3858267068862915,0.0,231
1349,0.7368203997612,0.0,230
1350,0.22176022827625275,0.0,227
1351,0.6606218218803406,0.0,224
1352,0.4831906259059906,0.0,221
1353,0.7781268358230591,0.0,220
1354,0.3894753158092499,0.0,1014
1355,0.6608508229255676,0.0,970
1356,0.6791797876358032,0.0,958
1357,0.40256771445274353,0.0,814
1358,0.6644823551177979,0.0,637
1359,0.5547240376472473,0.0,548
1360,0.25338584184646606,0.0,526
1361,0.16767512261867523,0.0,426
1362,0.287388414144516,0.0,326
1363,0.3654409646987915,0.0,292
1364,0.8232734799385071,0.0,281
1365,0.2127922922372818,0.0,636
1366,0.9989883899688721,1.0,1486
1367,0.9854050874710083,1.0,1468
1368,0.36165904998779297,1.0,1466
1369,0.9879032969474792,1.0,1341
1370,0.9961914420127869,1.0,1329
1371,0.5922058820724487,1.0,1276
1372,0.5156630873680115,1.0,1254
1373,0.998878538608551,1.0,1253
1374,0.9970154762268066,1.0,1252
1375,0.9548908472061157,1.0,1245
1376,0.8956928253173828,1.0,1243
1377,0.990389883518219,1.0,1213
1378,0.897742748260498,1.0,1191
1379,0.9901154041290283,1.0,202
1380,0.9310175776481628,1.0,199
1381,0.8879442811012268,1.0,188
1382,0.7155177593231201,1.0,151
1383,0.7863314747810364,1.0,84
1384,0.794224202632904,1.0,74
1385,0.8145192861557007,1.0,54
1386,0.999397337436676,1.0,10
1387,0.8911685347557068,1.0,1186
1388,0.9937387704849243,1.0,1184
1389,0.9984767436981201,1.0,1172
1390,0.963072657585144,1.0,1163
1391,0.9795291423797607,1.0,1131
1392,0.6292212605476379,1.0,1124
1393,0.9118244051933289,1.0,1110
1394,0.9784801602363586,1.0,1097
1395,0.9767602682113647,1.0,1094
1396,0.9994112849235535,1.0,1055
1397,0.9971268773078918,1.0,1048
1398,0.9955762028694153,1.0,989
1399,0.9980860948562622,1.0,972
1400,0.9981076121330261,1.0,955
1401,0.975197434425354,1.0,942
1402,0.9932395219802856,1.0,934
1403,0.9953522086143494,1.0,933
1404,0.4264351725578308,0.0,899
1405,0.6041292548179626,0.0,876
1406,0.8913634419441223,0.0,875
1407,0.1714950054883957,0.0,865
1408,0.3226116895675659,0.0,857
1409,0.2039814591407776,0.0,849
1410,0.3045542240142822,0.0,841
1411,0.6257873177528381,0.0,813
1412,0.41423001885414124,0.0,808
1413,0.23821014165878296,0.0,754
1414,0.49752292037010193,0.0,734
1415,0.4727894365787506,0.0,728
1416,0.5547847747802734,0.0,719
1417,0.38095512986183167,0.0,702
1418,0.7940444350242615,0.0,700
1419,0.5165506601333618,0.0,678
1420,0.5226162672042847,0.0,676
1421,0.8872642517089844,0.0,671
1422,0.8890021443367004,0.0,669
1423,0.9540295600891113,0.0,554
1424,0.4128003418445587,0.0,544
1425,0.5523898005485535,0.0,540
1426,0.4954894185066223,0.0,532
1427,0.5770994424819946,0.0,509
1428,0.8702685236930847,0.0,460
1429,0.5221001505851746,0.0,453
1430,0.6832621693611145,0.0,450
1431,0.23419852554798126,0.0,440
1432,0.43202537298202515,0.0,434
1433,0.18762598931789398,0.0,418
1434,0.41125747561454773,0.0,402
1435,0.20381933450698853,0.0,397
1436,0.337007075548172,0.0,391
1437,0.9522069692611694,0.0,376
1438,0.5640493631362915,0.0,375
1439,0.8585928678512573,0.0,374
1440,0.38195160031318665,0.0,330
1441,0.5291531682014465,0.0,316
1442,0.3067852556705475,0.0,295
1443,0.5869281888008118,0.0,266
1444,0.16994179785251617,0.0,264
1445,0.9514989852905273,0.0,260
1446,0.43175166845321655,0.0,250
1447,0.4544045329093933,0.0,233
1448,0.24066124856472015,0.0,204
1449,0.40172845125198364,0.0,138
1450,0.26470091938972473,0.0,1092
1451,0.5239995718002319,0.0,1069
1452,0.3925352990627289,0.0,870
1453,0.8944815397262573,0.0,859
1454,0.2855430841445923,0.0,481
1455,0.9750505685806274,1.0,1348
1456,0.998460590839386,1.0,1324
1457,0.9986534118652344,1.0,1244
1458,0.9989580512046814,1.0,1215
1459,0.5240505337715149,1.0,1194
1460,0.9997817873954773,1.0,8
1461,0.9998943209648132,1.0,1168
1462,0.9922735095024109,1.0,1152
1463,0.9787781238555908,1.0,1090
1464,0.99388587474823,1.0,1082
1465,0.9982694983482361,1.0,956
1466,0.26520878076553345,0.0,906
1467,0.2535933256149292,0.0,846
1468,0.4354571998119354,0.0,766
1469,0.23552845418453217,0.0,752
1470,0.6412470936775208,0.0,750
1471,0.12863261997699738,0.0,721
1472,0.8187909126281738,0.0,699
1473,0.6378042697906494,0.0,555
1474,0.39107000827789307,0.0,551
1475,0.2713131010532379,0.0,444
1476,0.4971467852592468,0.0,386
1477,0.9571192860603333,0.0,385
1478,0.4848611354827881,0.0,379
1479,0.6115285754203796,0.0,377
1480,0.4095373749732971,0.0,261
1481,0.000860935659147799,0.0,160
1482,0.27260491251945496,0.0,1047
1483,0.991204023361206,1.0,997
1484,0.23288485407829285,0.0,800
1485,0.8293819427490234,0.0,547
1486,0.5446197986602783,0.0,485
